{"data":{"Year":[2000,2000,2000,2000,2000,2005,2005,2005,2005,2005,2005,2010,2010,2010,2010,2010,2015,2015,2015,2015,2015,2016,2016,2016,2016,2016,2017,2017,2017,2017,2017,2018,2018],"Stofnun":["Al\u00fej\u00f3\u00f0avi\u00f0skiptastofnunin (WTO)","Al\u00fej\u00f3\u00f0abankinn (IBRD)","Alsherja\u00feing Sameinu\u00f0u \u00dej\u00f3\u00f0anna (UNGA)","Al\u00fej\u00f3\u00f0agjaldeyrissj\u00f3\u00f0urinn (IMF)","Al\u00fej\u00f3\u00f0a l\u00e1nastofnunin (IFC)","Al\u00fej\u00f3\u00f0a l\u00e1nastofnunin (IFC)","Al\u00fej\u00f3\u00f0agjaldeyrissj\u00f3\u00f0urinn (IMF)","Al\u00fej\u00f3\u00f0abankinn (IBRD)","Efnahags- og f\u00e9lagsm\u00e1lar\u00e1\u00f0 Sameinu\u00f0u \u00dej\u00f3\u00f0anna (UN ECOSOC)","Alsherja\u00feing Sameinu\u00f0u \u00dej\u00f3\u00f0anna (UNGA)","Al\u00fej\u00f3\u00f0avi\u00f0skiptastofnunin (WTO)","Al\u00fej\u00f3\u00f0agjaldeyrissj\u00f3\u00f0urinn (IMF)","Al\u00fej\u00f3\u00f0a l\u00e1nastofnunin (IFC)","Alsherja\u00feing Sameinu\u00f0u \u00dej\u00f3\u00f0anna (UNGA)","Al\u00fej\u00f3\u00f0avi\u00f0skiptastofnunin (WTO)","Al\u00fej\u00f3\u00f0abankinn (IBRD)","Al\u00fej\u00f3\u00f0abankinn (IBRD)","Al\u00fej\u00f3\u00f0a l\u00e1nastofnunin (IFC)","Al\u00fej\u00f3\u00f0agjaldeyrissj\u00f3\u00f0urinn (IMF)","Alsherja\u00feing Sameinu\u00f0u \u00dej\u00f3\u00f0anna (UNGA)","Al\u00fej\u00f3\u00f0avi\u00f0skiptastofnunin (WTO)","Alsherja\u00feing Sameinu\u00f0u \u00dej\u00f3\u00f0anna (UNGA)","Al\u00fej\u00f3\u00f0abankinn (IBRD)","Al\u00fej\u00f3\u00f0a l\u00e1nastofnunin (IFC)","Al\u00fej\u00f3\u00f0avi\u00f0skiptastofnunin (WTO)","Al\u00fej\u00f3\u00f0agjaldeyrissj\u00f3\u00f0urinn (IMF)","Al\u00fej\u00f3\u00f0abankinn (IBRD)","Al\u00fej\u00f3\u00f0avi\u00f0skiptastofnunin (WTO)","Alsherja\u00feing Sameinu\u00f0u \u00dej\u00f3\u00f0anna (UNGA)","Al\u00fej\u00f3\u00f0a l\u00e1nastofnunin (IFC)","Al\u00fej\u00f3\u00f0agjaldeyrissj\u00f3\u00f0urinn (IMF)","Al\u00fej\u00f3\u00f0avi\u00f0skiptastofnunin (WTO)","Al\u00fej\u00f3\u00f0a l\u00e1nastofnunin (IFC)"],"Value":[0.71429,0.54945,0.5291,0.5618,0.57471,0.5618,0.55249,0.54348,1.85,0.52356,0.67114,0.54945,0.54945,0.52083,0.65359,0.53476,0.53191,0.54348,0.53191,0.51813,0.625,0.51813,0.53191,0.54348,0.61728,0.53191,0.5291,0.60976,0.51813,0.54348,0.5291,0.60976,0.54348]},"edges":[]}