Year,Value
1997,0.414078362
1998,0.394027708
1999,0.405018556
2000,0.435865179
2001,0.511642878
2002,0.467209132
2003,0.387678626
2004,0.329308438
2005,0.300784685
2006,0.305819215
2007,0.2431074
2008,0.306095378
2009,0.454821752
2010,0.477854844
2011,0.418137457
2012,0.447299476
2013,0.397326422
2014,0.372563342
2015,0.401640803
2016,0.351121205
2017,0.345424968
